book_num,book_name,filename,bitcoin_txid,inscription_id,inscription_number,block_height,block_timestamp_utc,sat,sat_name,receive_address,content_length,content_type,sha256_expected,sha256_verified,verified_at_utc,verification_status
1,Genesis,01_Genesis.txt,d9858ee66bc6ab3c0a343be1802831c8052b0185e218f42d791a4e6f6f69fde2,d9858ee66bc6ab3c0a343be1802831c8052b0185e218f42d791a4e6f6f69fde2i0,124673148,946607,1777132398,1131760508963944,,bc1p3sx2ye5g3edyh0msfxr0n9580qlfpdsdr4v06rl2zq9fh3aee2fqt3jczp,206582,text/plain;charset=utf-8,c8f61bff755e23bb6764d08b8b711ccf1ac8cf196f701b5efd7abc83d54e4373,c8f61bff755e23bb6764d08b8b711ccf1ac8cf196f701b5efd7abc83d54e4373,2026-04-25T15:56:29+00:00,VERIFIED
2,Exodus,02_Exodus.txt,e7bed517915176777c7fc888615c3efa7af1bd6217c62e2fb72011cea2a0c2b8,e7bed517915176777c7fc888615c3efa7af1bd6217c62e2fb72011cea2a0c2b8i0,124673759,946612,1777132920,2001813707892882,,bc1pcchzrwwgm2emtlxfaphyuw29y4kvyvn0r7l4t52vnkefs06090zszkp598,177096,text/plain;charset=utf-8,d60b47677a9aa69fc2454224d0a9beb7e7fc3284e9530f698b83cdf6185ae75a,d60b47677a9aa69fc2454224d0a9beb7e7fc3284e9530f698b83cdf6185ae75a,2026-04-25T16:03:56+00:00,VERIFIED
3,Leviticus,03_Leviticus.txt,ec063b1d87a0d6f9807e0394b73ed68e474928dd88f3560e2dea965326ef4646,ec063b1d87a0d6f9807e0394b73ed68e474928dd88f3560e2dea965326ef4646i0,124673808,946613,1777133773,2001813707777473,,bc1pwkyt494wjw3q0g53ytqcxn2zv4vntvduzpcqey59s8tcrpej7ltq6njr5u,132234,text/plain;charset=utf-8,e42f6f920e5a78c4c83b8242450977f6b0f496ceb43caebc757141a907e91610,e42f6f920e5a78c4c83b8242450977f6b0f496ceb43caebc757141a907e91610,2026-04-25T16:16:19+00:00,VERIFIED
4,Numbers,04_Numbers.txt,7b28db969ae04564ce5b8633c6d0eb833b273643627669b73a6b58cfa9b884b7,7b28db969ae04564ce5b8633c6d0eb833b273643627669b73a6b58cfa9b884b7i0,124673861,946614,1777134257,2001813707840667,,bc1pax30e5ky7xyxaeszezj2s0je0uhj4k4t3vg5twgu9elnjnrtk8esj8xvqz,183561,text/plain;charset=utf-8,24105031843707bcdc8c57008d03f19cb7c838771162f6624a30daf05d6a3e87,24105031843707bcdc8c57008d03f19cb7c838771162f6624a30daf05d6a3e87,2026-04-25T16:24:45+00:00,VERIFIED
5,Deuteronomy,05_Deuteronomy.txt,090cc431f4a8c4e95cc5700c00e3349b9ce2bae846c05512ab6059dcb610bdf8,090cc431f4a8c4e95cc5700c00e3349b9ce2bae846c05512ab6059dcb610bdf8i0,124673949,946615,1777134627,1832263635482733,,bc1pr0z2ae2vzkvm9n6m7ht7hcmnymxgmxen96hljr357rswr2xr4h5s4u5qev,152295,text/plain;charset=utf-8,84d68680f988b376822b90f69f37d93b6bcf101d6ca78b59c5e84893a74056c1,84d68680f988b376822b90f69f37d93b6bcf101d6ca78b59c5e84893a74056c1,2026-04-25T16:31:49+00:00,VERIFIED
6,Joshua,06_Joshua.txt,ab3d1afbaf9206c7e6b0bc2b912be6cfc0189b912da29d2fa5b57ee3cb45270d,ab3d1afbaf9206c7e6b0bc2b912be6cfc0189b912da29d2fa5b57ee3cb45270di0,124674211,946618,1777136392,1832263635526741,,bc1p4l94ujju6fmg33rylsld79xz77gg622zr0a96quy37psu3d5h3cqdgxpc7,104108,text/plain;charset=utf-8,c50f17c75643fa869774765fab4196806493f11c94a3fa7a604f080920e440fc,c50f17c75643fa869774765fab4196806493f11c94a3fa7a604f080920e440fc,2026-04-25T17:01:52+00:00,VERIFIED
7,Judges,07_Judges.txt,179333cbd982bd1198cb2d4f632b9fcab6f32a00cad8e7e3de55b2cada6467be,179333cbd982bd1198cb2d4f632b9fcab6f32a00cad8e7e3de55b2cada6467bei0,124674889,946625,1777143732,76758428042091,,bc1prka3elkqhtg3lx3l4d6tgn6vvamtrtxgr5uy55u6xtdmmuzprwuq9lrl3c,102453,text/plain;charset=utf-8,96f404676881924b9dbbb32146e7e576e9a0998d253dbc4462e72c62d1128c3e,96f404676881924b9dbbb32146e7e576e9a0998d253dbc4462e72c62d1128c3e,2026-04-25T20:23:50+00:00,VERIFIED
8,Ruth,08_Ruth.txt,739983ef571f09cd694f7e83177f20d3421d77f0a4e4090837847246edbd1f42,739983ef571f09cd694f7e83177f20d3421d77f0a4e4090837847246edbd1f42i0,124678531,946633,1777149038,76758428214885,,bc1pvfw9e2qcwwwjrhxcnuu2qkl27lgw2w666kfvwzuxvm3wwz7wqpsqg798v0,13480,text/plain;charset=utf-8,1f5bab24c947cdede723fa5ab61cd9feebc5d566af080a26bd867c1eabf4a1c4,1f5bab24c947cdede723fa5ab61cd9feebc5d566af080a26bd867c1eabf4a1c4,2026-04-25T20:30:59+00:00,VERIFIED
9,1Samuel,09_1Samuel.txt,d275cf6d080e1ddd5ddfd6fd372ca08395aa7ef3ac78a419e81371b1943c3fdf,d275cf6d080e1ddd5ddfd6fd372ca08395aa7ef3ac78a419e81371b1943c3fdfi0,124680481,946647,1777156567,815216702469836,,bc1p2g85wpytz48emljuedym8q35lc6erkec4xm3l9j2z3h64mhwzxyqz6zyd2,134409,text/plain;charset=utf-8,f314cd4c025259d6e5cc276c006669ac5b3bff5a4682a8c1be56032d81fdbea5,f314cd4c025259d6e5cc276c006669ac5b3bff5a4682a8c1be56032d81fdbea5,2026-04-25T22:36:58+00:00,VERIFIED
10,2Samuel,10_2Samuel.txt,2330e61081fbeec3e63bccf18d89ed9e156bdc8f9407d2d86d1e876e658a363f,2330e61081fbeec3e63bccf18d89ed9e156bdc8f9407d2d86d1e876e658a363fi0,124680166,946641,1777154675,940118143774509,,bc1pyy4865a5xaaqz85k2thqfnnctc0dq8ast3jfjrsu2c3kf0nh2h7qzwx3qz,110760,text/plain;charset=utf-8,9626cbe678a87f6aab94f291925eca52b648fda516c28726e0326edcd29cbf1b,9626cbe678a87f6aab94f291925eca52b648fda516c28726e0326edcd29cbf1b,2026-04-25T22:12:36+00:00,VERIFIED
11,1Kings,11_1Kings.txt,ad1b77beb9c1d78a110e29c8739b241f52ed7a47ba45699b6547adebfb135be5,ad1b77beb9c1d78a110e29c8739b241f52ed7a47ba45699b6547adebfb135be5i0,124680482,946647,1777156567,1995961323385164,,bc1p4jjxxq7ue7rpclm09hmgtuefgaxlezfw0e5yvdu27wsz97varzqsa8e24k,132050,text/plain;charset=utf-8,49a8101857e63a6e8f7d645f86ddd42bc2cc7f8de91c4add6768dcf6eba3088a,49a8101857e63a6e8f7d645f86ddd42bc2cc7f8de91c4add6768dcf6eba3088a,2026-04-25T22:36:58+00:00,VERIFIED
12,2Kings,12_2Kings.txt,0274fe64e9d8b2ff7d5649743d247a07fb40c99d7190d4e787da0f9fef1b32ea,0274fe64e9d8b2ff7d5649743d247a07fb40c99d7190d4e787da0f9fef1b32eai0,124680483,946647,1777156567,1612371207359026,,bc1penjt2x2t40tanmmm5tp5927feadlx0n0j46pls22gldlktafuzss7e2a25,125248,text/plain;charset=utf-8,c8b451262c5d126c022cb589c5b0eb849ca5058eff8562bb0b700f95ed6a0655,c8b451262c5d126c022cb589c5b0eb849ca5058eff8562bb0b700f95ed6a0655,2026-04-25T22:36:57+00:00,VERIFIED
13,1Chronicles,13_1Chronicles.txt,8a7ccd90df1f396a9692ea5ce022d3d78cd8ed5b339bf1aa6aaf97a87cc09157,8a7ccd90df1f396a9692ea5ce022d3d78cd8ed5b339bf1aa6aaf97a87cc09157i0,124680178,946642,1777154813,1612371207396401,,bc1plg3293d00gpd0g05lzkh66z3nts7a84tqk2yjhwz8kkh4gz2pslqj9zwd8,116627,text/plain;charset=utf-8,618c18f6f0487887ac1d176ff609d0787d539a71dee2d5e7edc2f12e7638f40f,618c18f6f0487887ac1d176ff609d0787d539a71dee2d5e7edc2f12e7638f40f,2026-04-25T22:12:43+00:00,VERIFIED
14,2Chronicles,14_2Chronicles.txt,978743d1c8d9c16c62e519250081170a2fb24a641e681d078cf683bd697b218b,978743d1c8d9c16c62e519250081170a2fb24a641e681d078cf683bd697b218bi0,124680499,946649,1777157195,555286241445483,,bc1pj9n6tge3mtk4gq7hzt7ufpgq4yqqxevaq0we8rgzd5zt200aqt2qe09lff,144183,text/plain;charset=utf-8,6155031839af01aadab1c1c071655acb50cdbf05c46368d71263f0ee7b0c9d8f,6155031839af01aadab1c1c071655acb50cdbf05c46368d71263f0ee7b0c9d8f,2026-04-25T22:47:32+00:00,VERIFIED
15,Ezra,15_Ezra.txt,f081387f50b10f16fec82cfc9f8f10f2b3ee4c0b7be9ac890343cf023b424058,f081387f50b10f16fec82cfc9f8f10f2b3ee4c0b7be9ac890343cf023b424058i0,124679617,946638,1777152959,76758428132064,,bc1pm5s6qp0f8k4mpg5hy7n92vfnytd0nfhnvq9nry8z9ds6xn2gtemsu6s9nn,41954,text/plain;charset=utf-8,7cb9dff006f35982129749a0aa508cab708d429dc81db3b4c9a33d63219e5359,7cb9dff006f35982129749a0aa508cab708d429dc81db3b4c9a33d63219e5359,2026-04-25T21:36:29+00:00,VERIFIED
16,Nehemiah,16_Nehemiah.txt,a3afcae7a3b8fd4697da1dec84da07606d0889f7f53b08acdebd2ebe34296d2b,a3afcae7a3b8fd4697da1dec84da07606d0889f7f53b08acdebd2ebe34296d2bi0,124680132,946640,1777153853,299596639398795,,bc1p0padnfpxefzedz3vzhm0uk6f78md96cazpxc0gwueg5g7us7azeqgj52vh,59495,text/plain;charset=utf-8,ce8f259380c64221990e49f9a46f2f1c9f9496db36e2912e9820a7ebc8d2a571,ce8f259380c64221990e49f9a46f2f1c9f9496db36e2912e9820a7ebc8d2a571,2026-04-25T21:52:10+00:00,VERIFIED
17,Esther,17_Esther.txt,8772c8538a9ec45d3f3227a2f126164b2ae9c4ac838da366e73b28021d537139,8772c8538a9ec45d3f3227a2f126164b2ae9c4ac838da366e73b28021d537139i0,124679185,946636,1777152304,76758428148493,,bc1pzlvecre4c8754ufv9lmurww84ssmqcpngwxlcvy8uyw36ydzr4xss9jh0s,31126,text/plain;charset=utf-8,6bbcf15eac0c026e741945258281555b6f9215b0de19913595caf4cf4847fcf7,6bbcf15eac0c026e741945258281555b6f9215b0de19913595caf4cf4847fcf7,2026-04-25T21:30:12+00:00,VERIFIED
18,Job,18_Job.txt,2810783c7284e9c47537ed63ddfb931eaafba4af5ac643c318dd54ac56504e54,2810783c7284e9c47537ed63ddfb931eaafba4af5ac643c318dd54ac56504e54i0,124680165,946641,1777154675,555286241414425,,bc1ppt4n5ygzlu645kfdslvsluf92jpr288xej2j6kt6ypx70kk0w0uslkpv6a,100795,text/plain;charset=utf-8,23476b9e9e871841b09504ed5b7b3523716bd750aed9fba4c2956d712ad69221,23476b9e9e871841b09504ed5b7b3523716bd750aed9fba4c2956d712ad69221,2026-04-25T22:12:27+00:00,VERIFIED
19,Psalms,19_Psalms.txt,4b5851c213859ca499ad75edebc4b42a645a65c11413ad8eafff531a26e5c096,4b5851c213859ca499ad75edebc4b42a645a65c11413ad8eafff531a26e5c096i0,124680599,946650,1777157972,1702597653217351,,bc1pj0g3y5ysqrum9m7rjkpemg3ay53xy2fv0w9aqy4n7c76pqn8pl0szx3gc0,240589,text/plain;charset=utf-8,f1911fae790c66fc3c938da541383dfff561b35e9591b68b53c1a1a98eeda304,f1911fae790c66fc3c938da541383dfff561b35e9591b68b53c1a1a98eeda304,2026-04-25T22:59:59+00:00,VERIFIED
20,Proverbs,20_Proverbs.txt,0ed8e5c553c238b24e73ec1f67ae326edfcde4ecdb41b957c076ad9df0803c18,0ed8e5c553c238b24e73ec1f67ae326edfcde4ecdb41b957c076ad9df0803c18i0,124680163,946641,1777154675,299596639371384,,bc1pchelzugcxmjz3ttqjgnxlp3lfqykt0wrt952fqg7xy8ma7le528sdt5z2g,85720,text/plain;charset=utf-8,c4e3098f10d97ba03ff1fa213eab9389d7f41edd46efd48e629d53ed58557a3a,c4e3098f10d97ba03ff1fa213eab9389d7f41edd46efd48e629d53ed58557a3a,2026-04-25T22:12:03+00:00,VERIFIED
21,Ecclesiastes,21_Ecclesiastes.txt,1daca69c52cb0e290fbc9c0400bc23e35c18956464712aa107627ecd387c35b6,1daca69c52cb0e290fbc9c0400bc23e35c18956464712aa107627ecd387c35b6i0,124679184,946636,1777152304,520048974974941,,bc1pexvcjkj3xfrf23cmuve8yyrffp06unezqac5mmes2lzjac464chqap7sfy,29614,text/plain;charset=utf-8,eaa0cd5ef06323c283a09a580142e7a498dbc9d050c57a1c1f5310a4431ef162,eaa0cd5ef06323c283a09a580142e7a498dbc9d050c57a1c1f5310a4431ef162,2026-04-25T21:29:44+00:00,VERIFIED
22,SongOfSolomon,22_SongOfSolomon.txt,96b80419a5b8896362aa2b25cc2a573f9120498ef3a6b0fd7ea85d925be7d71d,96b80419a5b8896362aa2b25cc2a573f9120498ef3a6b0fd7ea85d925be7d71di0,124679178,946636,1777152304,76758428089606,,bc1pjgkt2cpzg7qfjp7f6fyszlpkmqz39m5mfr5artzkep7p5ple695qr6y5zf,14323,text/plain;charset=utf-8,384e935deffb8bdca3aa522a43a5cf42a5047f5dc53c1d64d61778f3ac4d0d81,384e935deffb8bdca3aa522a43a5cf42a5047f5dc53c1d64d61778f3ac4d0d81,2026-04-25T21:28:28+00:00,VERIFIED
23,Isaiah,23_Isaiah.txt,c96c1480729d54caf09274a6abf316b4a0234ac923a279e2e3576248e5494e1f,c96c1480729d54caf09274a6abf316b4a0234ac923a279e2e3576248e5494e1fi0,124680498,946649,1777157195,76758428224989,,bc1puttkzdxq9vtfmuk8nmrqrldljqfrzjmcdme0ecjkwnseugtnmvhq2vlp3k,202044,text/plain;charset=utf-8,503b77119694d9a60e46ba18d6379e2e7ac58c383e8ef18ac33b69ffce6bacbe,503b77119694d9a60e46ba18d6379e2e7ac58c383e8ef18ac33b69ffce6bacbe,2026-04-25T22:48:00+00:00,VERIFIED
24,Jeremiah,24_Jeremiah.txt,2dba848b096a60aba71bf6585f5324f3a48d62caae7cb27b99bcb59b3935ef79,2dba848b096a60aba71bf6585f5324f3a48d62caae7cb27b99bcb59b3935ef79i0,124680600,946650,1777157972,1702597653152919,,bc1pg2zqdqugs77vmecz0z02zqk4z992vluu9vy6f2umux972jphuuqqz2c0s5,232243,text/plain;charset=utf-8,b5e761fffb48fc600a461c3d5db448aa23f7d28daf1877baf471a0c7d6f2bedf,b5e761fffb48fc600a461c3d5db448aa23f7d28daf1877baf471a0c7d6f2bedf,2026-04-25T23:00:00+00:00,VERIFIED
25,Lamentations,25_Lamentations.txt,955e150f5889801e7cda686fa5674d95a948f50c46488b1b44ee0ae1eadadac1,955e150f5889801e7cda686fa5674d95a948f50c46488b1b44ee0ae1eadadac1i0,124679179,946636,1777152304,76758428196970,,bc1pgejavw04lsm8q8dpf57rc4qjrjnnsufvuz40fpledq7pnn6fujfs6xdp9l,18976,text/plain;charset=utf-8,be8f1b2e70026b45bcdf87a5a0bbbff10028236b3b6592dd63dbf3fc4f6d463f,be8f1b2e70026b45bcdf87a5a0bbbff10028236b3b6592dd63dbf3fc4f6d463f,2026-04-25T21:29:00+00:00,VERIFIED
26,Ezekiel,26_Ezekiel.txt,8407b0b182d26d1463289e2feedd840aef06bdb0500c4f1ea720ee85cdc6b9b3,8407b0b182d26d1463289e2feedd840aef06bdb0500c4f1ea720ee85cdc6b9b3i0,124680601,946650,1777157972,76758428281506,,bc1pkuqm7n2u7lfjrluh3ycg27a4tnh9zz2ep96hvx94k6hs9x5k7u2qru2apu,213351,text/plain;charset=utf-8,a5c3384cafacd5a8c495ec63f96a11bc1e8ff64d313402346edf0e01acf82240,a5c3384cafacd5a8c495ec63f96a11bc1e8ff64d313402346edf0e01acf82240,2026-04-25T23:00:00+00:00,VERIFIED
27,Daniel,27_Daniel.txt,295fc333f35a69fc6531536f350b5e19be895e893f30e2d59da0e371b6423516,295fc333f35a69fc6531536f350b5e19be895e893f30e2d59da0e371b6423516i0,124680164,946641,1777154675,1926170918792707,,bc1pchelzugcxmjz3ttqjgnxlp3lfqykt0wrt952fqg7xy8ma7le528sdt5z2g,63955,text/plain;charset=utf-8,bb1f8d0413efd59308182cc07c7fd95dd5484f6c67d458ebcad9fa2aa0ce45d5,bb1f8d0413efd59308182cc07c7fd95dd5484f6c67d458ebcad9fa2aa0ce45d5,2026-04-25T22:12:15+00:00,VERIFIED
28,Hosea,28_Hosea.txt,1e35417c9e9a173c42715dedc5ad5f12321abed79dc8443dcf4ae24cb1f66bdb,1e35417c9e9a173c42715dedc5ad5f12321abed79dc8443dcf4ae24cb1f66bdbi0,124679183,946636,1777152304,76758428162486,,bc1pwkkfssrnuj6wqgnn52h524e59zke2kw7jlntu7z0r58pz763qk8s0srpp7,28234,text/plain;charset=utf-8,55a7a32981a80fca16215b7b334e047ad686b05e46f0c8b012c83652d1c2b776,55a7a32981a80fca16215b7b334e047ad686b05e46f0c8b012c83652d1c2b776,2026-04-25T21:29:32+00:00,VERIFIED
29,Joel,29_Joel.txt,f020b153bb93abfda3c8462e3adfd0656552eb2d04db8136ef6cd4a73073a6c9,f020b153bb93abfda3c8462e3adfd0656552eb2d04db8136ef6cd4a73073a6c9i0,124679177,946636,1777152304,2001813707824220,,bc1p9d2rppep6sdx776w07r3x93qjfrzesg0luumkml9jz9hgzv9xgxq9dsrae,11115,text/plain;charset=utf-8,8515db995d7dd4b55cc6c35b7d2af81f86af91ac0209a79820e9c404f2353c40,8515db995d7dd4b55cc6c35b7d2af81f86af91ac0209a79820e9c404f2353c40,2026-04-25T21:28:43+00:00,VERIFIED
30,Amos,30_Amos.txt,5b1e569a2a6fe21edc37e6b5da3f70d71ffed9a700f6cb4d4d834405cbfac9c4,5b1e569a2a6fe21edc37e6b5da3f70d71ffed9a700f6cb4d4d834405cbfac9c4i0,124679181,946636,1777152304,76758428175400,,bc1pat6ugca780yhry00r5adt2p2d23dxjt0kclr3wxfpg7nj57xw3msj0nfkr,22615,text/plain;charset=utf-8,26b127232d3c387796a0114dc85e8b32f2997d845d2469aa071acd3b4da6e305,26b127232d3c387796a0114dc85e8b32f2997d845d2469aa071acd3b4da6e305,2026-04-25T21:29:14+00:00,VERIFIED
31,Obadiah,31_Obadiah.txt,dac914137823899ef8ff85520197d2cccf4cca1e6a2a2bd651653498bb6c144c,dac914137823899ef8ff85520197d2cccf4cca1e6a2a2bd651653498bb6c144ci0,124679176,946636,1777152304,76758428208067,,bc1p3ld06jzmevkhcakrfcsqpfllawq534lreacefssxqcs7w2wfpj7qa39jmg,3699,text/plain;charset=utf-8,66555e18614c520da96025eb2c8af87609e90445353defdcc91795d69387b1ec,66555e18614c520da96025eb2c8af87609e90445353defdcc91795d69387b1ec,2026-04-25T21:26:07+00:00,VERIFIED
32,Jonah,32_Jonah.txt,e20764e41d786ca79902d68b84f699096dc5dc5387771729b98c73c172e71a8a,e20764e41d786ca79902d68b84f699096dc5dc5387771729b98c73c172e71a8ai0,124679174,946636,1777152304,2001813707832993,,bc1p0lrlg4zqh3h2mc0fmrvnzj60ys9aletefeddf0r0n5uchfz7ud7q22a002,6880,text/plain;charset=utf-8,280c2cc2565b88eaca61ab2cd4a4f69d8265d874498079f2fa8268909a806fb4,280c2cc2565b88eaca61ab2cd4a4f69d8265d874498079f2fa8268909a806fb4,2026-04-25T21:26:55+00:00,VERIFIED
33,Micah,33_Micah.txt,0c33f4a83c9aa344180a257437065824cf185629ebcecce3a9dd535c578caea0,0c33f4a83c9aa344180a257437065824cf185629ebcecce3a9dd535c578caea0i0,124679180,946636,1777152304,76758428186901,,bc1pakdmyr5exwvrtkznw9djrzphf4zh5h6es0yl9khgx7ta07zl82sqnlkj3y,16890,text/plain;charset=utf-8,3e993c6768170605faf095463ed3b19e089ca953094c770cfe894ee53b9e00f7,3e993c6768170605faf095463ed3b19e089ca953094c770cfe894ee53b9e00f7,2026-04-25T21:32:08+00:00,VERIFIED
34,Nahum,34_Nahum.txt,07f6f418c834929d8374854c5fc9c0a95a4be26078759db39659b3cdf093a7bd,07f6f418c834929d8374854c5fc9c0a95a4be26078759db39659b3cdf093a7bdi0,124679173,946636,1777152304,1513884746982064,,bc1pua4nq9lzpfmx642p9kas2eq2g9kp0tw3kq26es3rmlpsn6l0fncqtwprxt,7170,text/plain;charset=utf-8,60fe541d725933507b9c91646668ffe67e2b7344e3497226ed082007b87955cf,60fe541d725933507b9c91646668ffe67e2b7344e3497226ed082007b87955cf,2026-04-25T21:27:09+00:00,VERIFIED
35,Habakkuk,35_Habakkuk.txt,5ee510e3b41d55977004c16c716b2f01719eb52a842331f0fe21d1bd27ca924e,5ee510e3b41d55977004c16c716b2f01719eb52a842331f0fe21d1bd27ca924ei0,124679115,946636,1777152304,2001813707816437,,bc1pqjk92ml8vxs5zzznpj6l77mkpcjsztgr3lq8q8wxjd90zsvhzh4srdv0zs,8226,text/plain;charset=utf-8,84c3a64f0abf05ada900633381926ecd9e8133c493a866b6a779ae96c883b64f,84c3a64f0abf05ada900633381926ecd9e8133c493a866b6a779ae96c883b64f,2026-04-25T21:31:16+00:00,VERIFIED
36,Zephaniah,36_Zephaniah.txt,c7622a653a2da622109c6cfbddacab6ae7826ce79badcfaa6539c124f4eb1b00,c7622a653a2da622109c6cfbddacab6ae7826ce79badcfaa6539c124f4eb1b00i0,124679172,946636,1777152304,76758428073566,,bc1pdthhrlcq6naexsvnvjk03duckrz5nmtva6emcc44jnvgw7nuufzqhh0waa,8797,text/plain;charset=utf-8,350cb34941828ba5f8cd014873bfd1bb00d58b520bad401167a28f858d10ce4c,350cb34941828ba5f8cd014873bfd1bb00d58b520bad401167a28f858d10ce4c,2026-04-25T21:27:25+00:00,VERIFIED
37,Haggai,37_Haggai.txt,18dfbe2e5a702716802623befc89973e060a4ce98d7b5499a458a9ae503fec17,18dfbe2e5a702716802623befc89973e060a4ce98d7b5499a458a9ae503fec17i0,124679175,946636,1777152304,1983862279943601,,bc1pyyzldqdtkn3rats5nt8wxqt08x8048fg8mjwhk4xd8czlhtmhvaq6ej7ml,5938,text/plain;charset=utf-8,2872242538af29a0aa5f5238d6c0b12bbf967df99d26bc2b1c7e70ec8bf63f45,2872242538af29a0aa5f5238d6c0b12bbf967df99d26bc2b1c7e70ec8bf63f45,2026-04-25T21:26:33+00:00,VERIFIED
38,Zechariah,38_Zechariah.txt,f5e4d4a215bedc05f424e951c96df140a1cdd24c5aafed4b2cbe4eb48ae0227b,f5e4d4a215bedc05f424e951c96df140a1cdd24c5aafed4b2cbe4eb48ae0227bi0,124679182,946636,1777152304,76758428109728,,bc1phq822qnuf3gc4dv2td83h6l2y6qgdvd74z6e0ptkrshq0eqwhqcql7smqe,34136,text/plain;charset=utf-8,1a1e3586e1c596b4300b70c73ebf0881383d5c372e1d14777bdaf2ef8cb26e66,1a1e3586e1c596b4300b70c73ebf0881383d5c372e1d14777bdaf2ef8cb26e66,2026-04-25T21:29:57+00:00,VERIFIED
39,Malachi,39_Malachi.txt,5023df8165bd504d6bff303796dbe9775981fc5805598082257e690b893513e1,5023df8165bd504d6bff303796dbe9775981fc5805598082257e690b893513e1i0,124679166,946636,1777152304,76758428081492,,bc1p7te9ujv742fy8k9jh6s99v4qzwxzgmcxsaf4m4q3wvz482jahh7sa3vhu3,9542,text/plain;charset=utf-8,825bf895cd9ebbfa61d421ae2a4e326d5f5b83ecd8747615d6e50b9e0c70c87f,825bf895cd9ebbfa61d421ae2a4e326d5f5b83ecd8747615d6e50b9e0c70c87f,2026-04-25T21:28:14+00:00,VERIFIED
40,Matthew,40_Matthew.txt,72507a1cded5a3b45c24258644080afc056b36c4cba8ebfef7e1b42e0a06d6e6,72507a1cded5a3b45c24258644080afc056b36c4cba8ebfef7e1b42e0a06d6e6i0,124594163,946364,1776986990,1513884746943374,,bc1px3maspe69dg700tsy5sdr8nacec4pd2qrutqkrj0quw3nxc8cv3q8phu0h,131144,text/plain;charset=utf-8,07a35a254cafe8001d213639872d6ae9747f5c808d19b0ba189ac827d02782ec,07a35a254cafe8001d213639872d6ae9747f5c808d19b0ba189ac827d02782ec,2026-04-23T23:30:21+00:00,VERIFIED
41,Mark,41_Mark.txt,d99bd3cbd5b48166e73819f03635fc464857b5c1f862e790de768c9f665ed1f3,d99bd3cbd5b48166e73819f03635fc464857b5c1f862e790de768c9f665ed1f3i0,124593999,946360,1776983135,1491170448242636,,bc1pja6sul2mpw9ka08gchlvuskjvnsvs9vyhtnn9t2h3jl6vl7a36vsk989k8,83230,text/plain;charset=utf-8,011ae0ec81163eeab0efac325ea838b132557fc2d68c6c0b7ff7cdb83ee3f319,011ae0ec81163eeab0efac325ea838b132557fc2d68c6c0b7ff7cdb83ee3f319,2026-04-23T22:25:58+00:00,VERIFIED
42,Luke,42_Luke.txt,49555640a25e94015462a129f5abe781b68fa74f85a2c15437bc62933547eaed,49555640a25e94015462a129f5abe781b68fa74f85a2c15437bc62933547eaedi0,124594372,946366,1776988669,1832263635401117,,bc1plr8ywm6tnht09p9spunftt3ux3deyfx69ew5uvkzjqfr2nutx2dsx2el4r,141786,text/plain;charset=utf-8,a84cf6a6fa2d3dc342f0759d0b8ee8a1d5ecdfd4b9ac7465e7b5d45fc7d2855e,a84cf6a6fa2d3dc342f0759d0b8ee8a1d5ecdfd4b9ac7465e7b5d45fc7d2855e,2026-04-23T23:58:13+00:00,VERIFIED
43,John,43_John.txt,e7013c3a5c6f8c0187c9597dfcd1651c73e963ca97915bcbae350a52e35f99ab,e7013c3a5c6f8c0187c9597dfcd1651c73e963ca97915bcbae350a52e35f99abi0,124594086,946362,1776985160,1513884746982952,,bc1p24fkrxwhmctr5rsf9cclvfurh6zeer9slslc3ll96msz5uvdjhfstnfvmx,103430,text/plain;charset=utf-8,d59a2cc5ba1c6f2117708a8813fd6746cf16702f19ef1ba5702a9a2d4f426172,d59a2cc5ba1c6f2117708a8813fd6746cf16702f19ef1ba5702a9a2d4f426172,2026-04-23T22:59:41+00:00,VERIFIED
44,Acts,44_Acts.txt,5ce4a5aaa7884b3b1ad10fcd0e58c6f3e176f3352554888978368a0c96d4a1c3,5ce4a5aaa7884b3b1ad10fcd0e58c6f3e176f3352554888978368a0c96d4a1c3i0,124594232,946365,1776987992,1832263635442649,,bc1pm2jevfa0upzwz6x5302k2a90t659hp7hh0nv4dwjj4rlujh5f46q4zztc7,136083,text/plain;charset=utf-8,1ce233c72c32315cb58afe9f2974214aa18e82cecabe1a97814b44bef0eb3207,1ce233c72c32315cb58afe9f2974214aa18e82cecabe1a97814b44bef0eb3207,2026-04-23T23:45:53+00:00,VERIFIED
45,Romans,45_Romans.txt,60c2e0849f3f223284147be86dd029ef1b8dba8b93ed48b950ca9e496a9eacf4,60c2e0849f3f223284147be86dd029ef1b8dba8b93ed48b950ca9e496a9eacf4i0,124592805,946355,1776982123,815484500669356,,bc1pvcea9h6w6gv5cqykr2fu8ghx9hr827vts6zyujuksvrq7wu220dqs0cja8,52762,text/plain;charset=utf-8,717771734ea90db5c9086244ee622420edc2db4227c131010a8fc079f1f1a30c,717771734ea90db5c9086244ee622420edc2db4227c131010a8fc079f1f1a30c,2026-04-23T22:11:04+00:00,VERIFIED
46,1Corinthians,46_1Corinthians.txt,13645ff5732afe5dd45486fa380ed64fc839a355bc1832d78da22274f4bd0525,13645ff5732afe5dd45486fa380ed64fc839a355bc1832d78da22274f4bd0525i0,124592488,946353,1776981493,1313635762383605,,bc1pulsfrfspuen5hgk32j9lde0ec4f8e7u8xqpk7a3enu9qvcr2kjasj2mwdq,51577,text/plain;charset=utf-8,e49305c2109e5d5586703b3d6ea72e1afb45ddebefc43cd8e483d52d1dfa333a,e49305c2109e5d5586703b3d6ea72e1afb45ddebefc43cd8e483d52d1dfa333a,2026-04-23T22:01:09+00:00,VERIFIED
47,2Corinthians,47_2Corinthians.txt,8462de75e75bc3d2a13d254281b773d6b37583ecd05bb90528f18a23677db968,8462de75e75bc3d2a13d254281b773d6b37583ecd05bb90528f18a23677db968i0,124592146,946346,1776976343,2001145182664018,,bc1pkheauc6y8wnzlmmtxqhcj9w592r4zrxhfwn49z7tpp5uruuwl9qq4pannv,33497,text/plain;charset=utf-8,beb6d8e75ea33a64fcc3d227d1293897017bbb5b307af5deecf1b237b741a5b3,beb6d8e75ea33a64fcc3d227d1293897017bbb5b307af5deecf1b237b741a5b3,2026-04-23T20:49:46+00:00,VERIFIED
48,Galatians,48_Galatians.txt,b5afc20bebded15701158fb2cbc84079501bc41174780a6de2e75f3f2f9ea689,b5afc20bebded15701158fb2cbc84079501bc41174780a6de2e75f3f2f9ea689i0,124592035,946344,1776974922,1313635762363575,,bc1pzne3k48xcm3ejf3n5xvj3sj9748yuyjezqk843r7xy387mse6mxsacg3fh,17090,text/plain;charset=utf-8,34eba7f6d7561d5509b9d9f26054bfb4a8f2cb2ed6faf8b50dd3557f8d116e7f,34eba7f6d7561d5509b9d9f26054bfb4a8f2cb2ed6faf8b50dd3557f8d116e7f,2026-04-23T20:11:33+00:00,VERIFIED
49,Ephesians,49_Ephesians.txt,7dea3293f881f517b4cc6096ad62f2e6cb82297a267760005c265151f9dfe25e,7dea3293f881f517b4cc6096ad62f2e6cb82297a267760005c265151f9dfe25ei0,124592102,946345,1776975275,1313635762373586,,bc1pzyecxyhmxleg6qfquzmtqmj8vda8ppq4qnww6xs8jxzfa6f8yv8sq2cklf,17121,text/plain;charset=utf-8,8296e5b5a7bb5886e45b941e00c11e25d18fd2a8aaae0c6ad688c2f34f5987a4,8296e5b5a7bb5886e45b941e00c11e25d18fd2a8aaae0c6ad688c2f34f5987a4,2026-04-23T20:15:59+00:00,VERIFIED
50,Philippians,50_Philippians.txt,bebe7d7820b6a3c5cc2c4f20ff465842bc78095d284f0ddf47b1ec4e4d079c68,bebe7d7820b6a3c5cc2c4f20ff465842bc78095d284f0ddf47b1ec4e4d079c68i0,124585084,946301,1776947065,1796622466047699,,bc1pq0srxrwu9ktdd6qlspzjzesgyqnxldzdpg4gw0p7dv4enxp05nssks38ge,12165,text/plain;charset=utf-8,5f6193f963d319262492b8b5b03b7d1477195d32ce98d57c177f17afbafe729d,5f6193f963d319262492b8b5b03b7d1477195d32ce98d57c177f17afbafe729d,2026-04-23T12:25:54+00:00,VERIFIED
51,Colossians,51_Colossians.txt,35f9190d565c83f1868293908b438f6d5e86082ca36ac93b45226a9d0ca6a0e2,35f9190d565c83f1868293908b438f6d5e86082ca36ac93b45226a9d0ca6a0e2i0,124577257,946278,1776931731,1313635762355030,,bc1pyaz62j3fu9u78nelgnrarw6r9q57k2pq0cuwagarlhjuanr9gqys39pxdu,11258,text/plain;charset=utf-8,181f2947b3013bdcc84944b4d67e47621e96990aa4abe7cb17919759fbf5de71,181f2947b3013bdcc84944b4d67e47621e96990aa4abe7cb17919759fbf5de71,2026-04-23T12:02:14+00:00,VERIFIED
52,1Thessalonians,52_1Thessalonians.txt,9333467d711cb054789e1d9a22bc4f5930de17d283951822b8e08a87749d4cfb,9333467d711cb054789e1d9a22bc4f5930de17d283951822b8e08a87749d4cfbi0,124575763,946269,1776920410,1131760508969150,,bc1p8hxthslxgy7sdsy9nfumw2ycuwflfud5pvuklu77m42kjnq4520qx6dtay,10185,text/plain;charset=utf-8,7aed446392f00446753c0442c486d5133948bfb077b696c6d894e0f1998300b5,7aed446392f00446753c0442c486d5133948bfb077b696c6d894e0f1998300b5,2026-04-23T05:00:44+00:00,VERIFIED
53,2Thessalonians,53_2Thessalonians.txt,de9ef7fc0ecf46bb9d8345a2ef47c242c412fd83849c4a8d0e3bf1116f9145a8,de9ef7fc0ecf46bb9d8345a2ef47c242c412fd83849c4a8d0e3bf1116f9145a8i0,124575302,946264,1776915255,1313635762347873,,bc1p7y3pt4r05kpct4tj8zhaqtzsq4pgdmhdxhe3twuj2mvlqxrlpdgq2323nm,5738,text/plain;charset=utf-8,afe15244d4aaf293531aa554541b185933ca9eced70f67727880469189451205,afe15244d4aaf293531aa554541b185933ca9eced70f67727880469189451205,2026-04-23T03:34:50+00:00,VERIFIED
54,1Timothy,54_1Timothy.txt,9b30ee9ca742b678939d6d0293ff3ccd0aa3d782f527ad544a1cc48be81b0ef1,9b30ee9ca742b678939d6d0293ff3ccd0aa3d782f527ad544a1cc48be81b0ef1i0,124585792,946306,1776951127,1796622466029323,,bc1pt4hanpt2d4hry20w62dstamwa7lwzy9lgh6fpdd98vuxrvrqgj9q9egrl8,13338,text/plain;charset=utf-8,cb35b08143cf0fc1566ed7b3d8397c891898f0da90bf1f3019fff7adb7a7e473,cb35b08143cf0fc1566ed7b3d8397c891898f0da90bf1f3019fff7adb7a7e473,2026-04-23T13:32:29+00:00,VERIFIED
55,2Timothy,55_2Timothy.txt,a7506d712ccf4133a66585e8cd33bdaa9325f66e6eb697ca1e1a004a61bcd03c,a7506d712ccf4133a66585e8cd33bdaa9325f66e6eb697ca1e1a004a61bcd03ci0,124575410,946266,1776917154,1131760508977592,,bc1pu5g09p9yfdp9p48q5nvxxszyqyu46ay99th6csjvpsrfvflqfdvq2qc8kv,9677,text/plain;charset=utf-8,53c1690c1dda63be6c19b8fe8db9f3c9018c721482ec95b8914e6501bdbda64a,53c1690c1dda63be6c19b8fe8db9f3c9018c721482ec95b8914e6501bdbda64a,2026-04-23T04:06:20+00:00,VERIFIED
56,Titus,56_Titus.txt,c87c9f7b5f0c369ef19e32867ce13c5665549c780eacdb76e48de17db98fefb9,c87c9f7b5f0c369ef19e32867ce13c5665549c780eacdb76e48de17db98fefb9i0,124574885,946262,1776914806,1796622466063439,,bc1ps609kml7uwnajmm9csnq74ptmka5h5z44w0ymsuzlp7nev8h5dfsa9y2hk,5400,text/plain;charset=utf-8,3f03661305f0a9dfe0e3bb14afbc9f1c85f499ebef7073e5f40a17039ead1848,3f03661305f0a9dfe0e3bb14afbc9f1c85f499ebef7073e5f40a17039ead1848,2026-04-23T03:27:18+00:00,VERIFIED
57,Philemon,57_Philemon.txt,ad9b5680a93a7112575c4f7b4a0a7a083db14474487a32fd1afd1a85eb0cdf31,ad9b5680a93a7112575c4f7b4a0a7a083db14474487a32fd1afd1a85eb0cdf31i0,124574490,946259,1776912282,1796622466057098,,bc1p94clcuey94svdyav7rttncntsrqhm3kfkzrvx38dkkh5ph3szslqzjz8hv,2493,text/plain;charset=utf-8,4d39e4720409a2e8cb5dccea2eb6a1a9fdb01a2ccf84540c5450873ef40a9015,4d39e4720409a2e8cb5dccea2eb6a1a9fdb01a2ccf84540c5450873ef40a9015,2026-04-23T02:47:27+00:00,VERIFIED
58,Hebrews,58_Hebrews.txt,88d53668f5241114640c6ee56c7fe977a76579c3cda48b42e9a35c7601c7011e,88d53668f5241114640c6ee56c7fe977a76579c3cda48b42e9a35c7601c7011ei0,124592338,946350,1776978105,1264867100254907,,bc1pykl0p2l9yk2vf29gmuyu8fk9c4frsz77mh4eyhel96ujm3j9sp9q2fnhcm,38988,text/plain;charset=utf-8,feaa2e4080c92c601137d5ff8700dd61eef9c5aacdf0bdbed8a270bce2afd69b,feaa2e4080c92c601137d5ff8700dd61eef9c5aacdf0bdbed8a270bce2afd69b,2026-04-23T21:02:25+00:00,VERIFIED
59,James,59_James.txt,0f030a59b1f3711677c317e65f1ccde9666af08648be5dc14ba52e3bcbfe07c2,0f030a59b1f3711677c317e65f1ccde9666af08648be5dc14ba52e3bcbfe07c2i0,124585570,946303,1776949083,1796622466038552,,bc1p07052h2tmnxq9pqyuqmssn5924e47jw0zxtty8ugv2tjuw5ecrls37xjlv,12744,text/plain;charset=utf-8,3a9e20ba444e673eb6000c539f9183c92414bd14e738001185d75dfd7a814fed,3a9e20ba444e673eb6000c539f9183c92414bd14e738001185d75dfd7a814fed,2026-04-23T12:58:55+00:00,VERIFIED
60,1Peter,60_1Peter.txt,6967f6bf4b678c806939588edb1b2d70273a812cf55e5a6de257b31eb54fdc06,6967f6bf4b678c806939588edb1b2d70273a812cf55e5a6de257b31eb54fdc06i0,124586848,946313,1776954363,1796622466010662,,bc1pg6xafmngsxs942p476jrtscj55geth7w5nyam6pkwl090735hcfqcg2yl8,14032,text/plain;charset=utf-8,7d13916c51825dca01a6f663e9a832ec8a3a72b3e8132bec7f7bd9ff8878fa87,7d13916c51825dca01a6f663e9a832ec8a3a72b3e8132bec7f7bd9ff8878fa87,2026-04-23T20:02:04+00:00,VERIFIED
61,2Peter,61_2Peter.txt,2ddb63bdb23d07f2b0c5e64bd39cffed84ce276e65a1f868a6e847f780490ac5,2ddb63bdb23d07f2b0c5e64bd39cffed84ce276e65a1f868a6e847f780490ac5i0,124575368,946265,1776916224,1131760508985917,,bc1p2wca0uejgj73pk42u70r4s0k77qjhtnuptlq4g2dj3jn40z6qk2qf72dm4,9050,text/plain;charset=utf-8,86d4144a3f42611c77d57906c1a060582fecddcf9e8dd4bfff5e4e499c66cd7c,86d4144a3f42611c77d57906c1a060582fecddcf9e8dd4bfff5e4e499c66cd7c,2026-04-23T03:50:55+00:00,VERIFIED
62,1John,62_1John.txt,71386553cbd258dfd2003e496428a6a314f14865c086f1fa36f0b9f2f45235ff,71386553cbd258dfd2003e496428a6a314f14865c086f1fa36f0b9f2f45235ffi0,124586049,946308,1776952274,1796622466020068,,bc1pzyw5dvtuklv9z6etm9h2mjtch5zyy8asr5wl6ycv3u4c447vdslsrl53td,13366,text/plain;charset=utf-8,7379d6012adcdd926753c8334ca176438b953f7a4391c18c34ae6d56d8a63292,7379d6012adcdd926753c8334ca176438b953f7a4391c18c34ae6d56d8a63292,2026-04-23T13:58:10+00:00,VERIFIED
63,2John,63_2John.txt,5cd51a229056e971ee747a3d658d7ab08a50a3164518b8526fdfef1a02155709,5cd51a229056e971ee747a3d658d7ab08a50a3164518b8526fdfef1a02155709i0,124573840,946257,1776910527,1131760509001456,,bc1pt06ct0x9fzmcqgfavhyl4g92665048ptxhvwzvj46q8a4uukxxjqh5dkdk,1656,text/plain;charset=utf-8,7437692bfd90c270d5b438e52e02b0057ecbd305c67655ebf9808b4a703d64d9,7437692bfd90c270d5b438e52e02b0057ecbd305c67655ebf9808b4a703d64d9,2026-04-23T02:27:29+00:00,VERIFIED
64,3John,64_3John.txt,c737ec477646f172df000b2bc0a122476e91adb2388ded65ade854ad5adfe60f,c737ec477646f172df000b2bc0a122476e91adb2388ded65ade854ad5adfe60fi0,124572247,946252,1776907928,1131760509004739,,bc1pwvuuf54jedc3mealxv6ct4rr8ej9hux4udqtltlcf5z596sfe5tq9raruj,1700,text/plain;charset=utf-8,c358295ef8416bf3c75ed900ed7b18a07cdc28604b7341ba04279207a62e7e8b,c358295ef8416bf3c75ed900ed7b18a07cdc28604b7341ba04279207a62e7e8b,2026-04-23T02:27:29+00:00,VERIFIED
65,Jude,65_Jude.txt,49b8c54ffeb2a090368d9f176032bf226c00f260d982dea75739228f7e62efee,49b8c54ffeb2a090368d9f176032bf226c00f260d982dea75739228f7e62efeei0,124574731,946261,1776914316,1131760508994412,,bc1pue25n06aymrurdt9algjcqeve6q9e09yl4wpdne6kgfm5tga02jswff5tl,3686,text/plain;charset=utf-8,ce89e1dcde9cd88bfb74071fbc34ec907775ee2df5f15c161d2578a52c0f7dfd,ce89e1dcde9cd88bfb74071fbc34ec907775ee2df5f15c161d2578a52c0f7dfd,2026-04-23T03:19:14+00:00,VERIFIED
66,Revelation,66_Revelation.txt,69a86235607be1efc51db8250a82399de4fa452ff74cd53ff0addb8cc11163e0,69a86235607be1efc51db8250a82399de4fa452ff74cd53ff0addb8cc11163e0i0,124593445,946357,1776982705,1131760508968852,,bc1pd8yg8r2gk7jlqf4jn2gnmmmkyg2kw0y93l8ss0kz9hy2gdc99etsjv36x2,64511,text/plain;charset=utf-8,79f5cf8ef3dfb024bcff03f194bffb7c078c416b28eddfbd5ad3ec0882825812,79f5cf8ef3dfb024bcff03f194bffb7c078c416b28eddfbd5ad3ec0882825812,2026-04-23T22:19:15+00:00,VERIFIED
